Year,Country,CO2,Methane,NitrousOxide
1990,Australia,278424.6604,124383.1794,15938.28507
1990,Austria,62124.70071,10391.46011,4320.618353
1990,Belarus,103689.711,17458.52491,16618.17154
1990,Belgium,120309.3428,12215.1851,10072.88148
1990,Bulgaria,76698.97508,15936.76897,9154.901494
1990,Canada,462117.3511,90484.94758,38864.87949
1990,Croatia,23329.24943,4382.440862,2913.469732
1990,Cyprus,4656.893579,661.4322437,292.4899038
1990,Czechia,164204.2057,23527.88976,9386.212652
1990,Denmark,54845.67448,7941.910315,8170.027594
1990,Estonia,36907.23754,1901.294089,1468.776969
1990,European Union,4466227.834,728946.9027,380749.4405
1990,Finland,56971.87427,7684.616735,6356.061365
1990,France,403307.2362,69877.29783,66380.58762
1990,Germany,1052348.544,121192.5054,62522.84457
1990,Greece,83425.54815,11042.24356,7465.108717
1990,Hungary,73464.85382,11721.79571,8376.094385
1990,Iceland,2247.802921,610.5889527,378.3967007
1990,Ireland,32944.32778,14760.68967,7728.687636
1990,Italy,438008.8022,48247.48902,26036.24471
1990,Japan,1158391.311,44418.4873,31875.87917
1990,Latvia,19504.13092,3594.96792,3189.474209
1990,Liechtenstein,198.9679256,19.24721865,10.17256566
1990,Lithuania,35771.81571,7006.001828,5238.613681
1990,Luxembourg,11847.63544,581.6467324,310.4985793
1990,Malta,2408.463325,105.2876886,56.61241371
1990,Monaco,98.22770539,2.199070709,2.229837463
1990,Netherlands,162385.1094,31847.2144,18032.65962
1990,New Zealand,25446.28786,32287.60373,4927.112795
1990,Norway,35321.32608,6032.025874,4112.289171
1990,Poland,376546.518,69796.96165,28594.96662
1990,Portugal,45082.97185,9590.332464,3885.302439
1990,Romania,169285.8727,60017.60053,15881.74333
1990,Russian Federation,2525293.782,463735.6611,146044.1422
1990,Slovakia,61633.4626,7255.124047,4313.61871
1990,Slovenia,15093.83837,2543.980357,754.3544869
1990,Spain,231213.5561,35609.22238,18292.26533
1990,Sweden,57348.82489,7418.84984,5740.25607
1990,Switzerland,44154.42095,6044.116665,3326.81321
1990,Turkey,151508.4676,42405.06049,24828.98666
1990,Ukraine,705829.9918,182572.6811,53433.96074
1990,United Kingdom,601187.1868,133060.4319,46210.68165
1990,United States of America,5128300.617,774409.534,434624.2674
1991,Australia,279872.6603,124308.8691,15558.9119
1991,Austria,65725.53311,10266.59273,4354.366075
1991,Belarus,96647.12528,16387.25889,16151.48289
1991,Belgium,123382.0823,12178.67122,9940.160112
1991,Bulgaria,61232.59673,14946.89968,7166.472852
1991,Canada,452494.7231,92223.15634,37379.77358
1991,Croatia,17182.30206,4234.888546,2756.146612
1991,Cyprus,5146.608555,673.091968,293.7954132
1991,Czechia,148894.1274,21959.70669,8048.608589
1991,Denmark,65428.34553,8126.700764,8014.562399
1991,Estonia,33901.77483,1822.659346,1431.640672
1991,European Union,4413593.528,707433.0564,362510.3818
1991,Finland,55230.40408,7666.524321,5916.809023
1991,France,428927.1067,70584.19183,66928.90738
1991,Germany,1014199.715,115019.1769,60357.53314
1991,Greece,83401.12067,11040.95201,7327.432416
1991,Hungary,69784.5192,11452.91498,5696.795802
1991,Iceland,2128.40966,607.9519002,367.8564536
1991,Ireland,33674.00925,14940.4459,7482.964923
1991,Italy,437538.5965,49126.5475,27051.85185
1991,Japan,1170065.729,43259.72311,31580.53736
1991,Latvia,17783.12026,3549.433852,3076.297092
1991,Liechtenstein,206.3264705,19.17352113,10.38623582
1991,Lithuania,37851.58852,6795.420909,5367.685897
1991,Luxembourg,12465.7878,594.1301628,321.491654
1991,Malta,2255.3887,111.8931319,56.98754938
1991,Monaco,98.90814357,2.039692858,2.52744438
1991,Netherlands,170796.3825,32252.80076,18204.99757
1991,New Zealand,26110.38403,32412.23811,5006.247944
1991,Norway,33816.45726,5977.405927,3955.596431
1991,Poland,373793.3205,64910.21753,24281.85388
1991,Portugal,46960.25731,9712.391471,3846.462769
1991,Romania,139370.2532,51333.43836,11191.15204
1991,Russian Federation,2395977.96,441113.482,136089.3617
1991,Slovakia,53437.90155,6957.445207,3391.557946
1991,Slovenia,14001.23868,2448.476123,700.9006751
1991,Spain,240953.0208,34473.56589,17651.72627
1991,Sweden,57707.22304,7415.060909,5618.135388
1991,Switzerland,46133.82104,5973.042561,3312.404577
1991,Turkey,157982.0046,43285.36366,24625.3608
1991,Ukraine,632536.6261,174694.1848,48270.17738
1991,United Kingdom,609266.002,133811.5807,46429.75794
1991,United States of America,5078889.576,778860.5425,424828.2863
1992,Australia,284912.4379,123741.4076,15367.95622
1992,Austria,60204.06853,9981.6525,4165.895208
1992,Belarus,88662.01295,15115.86562,14444.03844
1992,Belgium,122507.8422,12099.24186,9664.39584
1992,Bulgaria,57010.43204,14661.37415,6051.116493
1992,Canada,467037.4201,96534.41389,37932.79565
1992,Croatia,16506.077,3776.106658,2745.002477
1992,Cyprus,5522.905619,691.2208493,324.3275741
1992,Czechia,144619.022,20623.3195,7206.17716
1992,Denmark,59595.58858,8196.321346,7761.474165
1992,Estonia,24370.46197,1581.387307,1188.448351
1992,European Union,4271808.703,692025.167,348296.824
1992,Finland,54285.52648,7617.081575,5487.999377
1992,France,418231.0239,70409.64913,66582.50856
1992,Germany,965889.8128,111435.3808,61607.75552
1992,Greece,84982.71063,11116.91583,7169.492593
1992,Hungary,62415.94192,10152.19333,4443.892453
1992,Iceland,2274.267067,618.5983289,350.3583067
1992,Ireland,33494.92817,15053.10802,7400.918063
1992,Italy,437829.8039,48977.0483,26587.14226
1992,Japan,1179740.098,44118.70502,31752.76395
1992,Latvia,14079.82942,3059.077956,2513.711145
1992,Liechtenstein,206.9480717,18.74476125,10.30464502
1992,Lithuania,21200.57717,5927.339937,3676.555284
1992,Luxembourg,12232.16031,578.368946,329.3106954
1992,Malta,2314.902342,118.9994831,57.96014554
1992,Monaco,104.5103293,1.886635112,2.674583813
1992,Netherlands,170630.2414,31864.09352,18458.30492
1992,New Zealand,28105.07462,32038.27997,5041.350439
1992,Norway,34734.74763,6051.541828,3420.678684
1992,Poland,364677.8697,63104.59525,22568.76491
1992,Portugal,50889.16877,9761.920623,3811.997402
1992,Romania,131072.2766,47197.38291,11208.77946
1992,Russian Federation,1957658.894,412866.3136,123504.4807
1992,Slovakia,49029.13594,6323.842529,2774.560085
1992,Slovenia,14006.74908,2465.379881,761.4708467
1992,Spain,249813.1944,35176.18874,17157.86068
1992,Sweden,57451.49002,7549.989331,5463.876519
1992,Switzerland,46009.70443,5890.168934,3258.710483
1992,Turkey,163922.2497,43193.12481,25137.41352
1992,Ukraine,589060.2509,166761.387,44718.9007
1992,United Kingdom,593745.9739,133490.7232,41516.63848
1992,United States of America,5182706.72,777754.0089,424348.137
1993,Australia,289235.1862,120117.9153,15837.18561
1993,Austria,60635.41914,9897.409664,4195.437463
1993,Belarus,76380.04986,14309.11788,14591.44461
1993,Belgium,121444.2046,12046.38008,9937.780913
1993,Bulgaria,57675.63719,13597.77477,5464.441173
1993,Canada,467406.411,99891.59135,37921.07982
1993,Croatia,16959.78057,3694.612889,2344.855653
1993,Cyprus,5766.974015,715.6928323,343.5961714
1993,Czechia,138637.2878,19715.84516,6459.261931
1993,Denmark,61682.59609,8386.304967,7527.218926
1993,Estonia,18910.36138,1343.620617,930.7501165
1993,European Union,4187802.391,683170.5649,338563.1875
1993,Finland,56352.55307,7657.233061,5653.942278
1993,France,397655.3637,70784.48292,65768.98047
1993,Germany,956233.1077,112044.5467,58959.56688
1993,Greece,84296.3663,11151.48584,6614.091798
1993,Hungary,63632.76198,9603.613091,4627.484808
1993,Iceland,2432.162016,635.2638727,357.6254242
1993,Ireland,33716.17901,15069.05694,7524.637212
1993,Italy,430179.9585,49283.52481,27030.97291
1993,Japan,1172647.309,40025.52089,31615.36825
1993,Latvia,11818.64061,2339.63692,2081.040403
1993,Liechtenstein,215.032328,17.92697053,10.06270183
1993,Lithuania,16348.04868,5177.41481,3207.561178
1993,Luxembourg,12372.80606,583.0711542,323.0662169
1993,Malta,2891.125508,126.2775463,60.89965939
1993,Monaco,103.5990568,1.583480885,2.807815833
1993,Netherlands,170817.5524,31434.00853,18731.82684
1993,New Zealand,27699.4614,32248.26304,5252.472084
1993,Norway,36224.20088,6177.556284,3620.447195
1993,Poland,365370.6957,61218.33588,23593.37368
1993,Portugal,49391.8956,9820.843589,3726.102608
1993,Romania,122832.3051,45511.60607,11874.04127
1993,Russian Federation,1859459.631,394491.4922,112740.8654
1993,Slovakia,46484.22491,6077.766232,2308.362082
1993,Slovenia,14303.47459,2355.84061,725.7843314
1993,Spain,241195.1829,35048.0631,15977.58304
1993,Sweden,57493.44934,7525.959726,5674.214432
1993,Switzerland,43601.02312,5780.84515,3351.651847
1993,Turkey,171011.1628,42965.63504,25936.824
1993,Ukraine,510199.5373,158319.0892,41918.63988
1993,United Kingdom,579506.6864,131903.7295,37282.09851
1993,United States of America,5283437.595,765962.6834,452370.5429
1994,Australia,294014.9608,116834.9417,16316.05129
1994,Austria,61002.43936,9607.557708,4147.836578
1994,Belarus,62367.88552,13558.63207,12452.74983
1994,Belgium,124816.9044,12091.9747,10343.0575
1994,Bulgaria,56083.52661,11703.38221,5314.776258
1994,Canada,482436.5787,103723.725,40876.98576
1994,Croatia,16214.22219,3512.748568,2378.572883
1994,Cyprus,6011.113228,728.9266898,337.3000486
1994,Czechia,132376.1369,18598.24292,6344.625938
1994,Denmark,65699.56566,8266.487329,7443.107376
1994,Estonia,19734.04945,1301.620501,839.213723
1994,European Union,4169946.812,667016.3163,341241.7531
1994,Finland,61716.20222,7627.47646,5765.754753
1994,France,393368.8635,70887.15453,65846.09421
1994,Germany,939630.2793,108086.0872,60066.05707
1994,Greece,86442.17683,11271.23841,6497.038861
1994,Hungary,61973.51167,9133.625057,5580.557078
1994,Iceland,2373.296665,644.4344284,360.9975282
1994,Ireland,34838.15231,14987.91472,7785.176338
1994,Italy,424581.7208,49708.6066,26503.94203
1994,Japan,1227566.84,43411.57172,32871.01769
1994,Latvia,10296.75213,2169.422912,1846.215528
1994,Liechtenstein,201.1094499,18.02619766,10.0327742
1994,Lithuania,15788.26627,4668.052186,2856.863052
1994,Luxembourg,11563.92821,570.5619211,318.1720884
1994,Malta,2669.722353,132.2732924,60.57485456
1994,Monaco,104.4105919,1.333820663,2.877653662
1994,Netherlands,171401.365,30418.93032,18250.7666
1994,New Zealand,27880.32943,33094.28117,5487.057336
1994,Norway,38088.99157,6259.835276,3689.03346
1994,Poland,360416.8079,60467.93881,23598.20206
1994,Portugal,50246.44805,9949.272675,3710.323903
1994,Romania,121961.4619,45139.84535,11050.81706
1994,Russian Federation,1641399.16,367413.9262,98666.12605
1994,Slovakia,43878.72085,5884.160335,2767.713947
1994,Slovenia,14642.67298,2349.974515,781.2832481
1994,Spain,253661.3936,36217.24757,17570.66601
1994,Sweden,59953.80904,7464.229192,5705.986567
1994,Switzerland,42675.89411,5729.918518,3300.503235
1994,Turkey,167433.1133,42683.70233,23460.85248
1994,Ukraine,419266.3007,148884.235,35995.86388
1994,United Kingdom,575774.5996,125007.1893,37919.91754
1994,United States of America,5377032.708,772160.7616,437560.064
1995,Australia,305410.1666,115158.2822,15585.36903
1995,Austria,64065.25982,9530.405643,4243.976736
1995,Belarus,57375.45072,12865.93327,11609.83469
1995,Belgium,125956.4726,12168.09822,10825.69515
1995,Bulgaria,57716.36593,11744.35733,5145.587988
1995,Canada,494920.2548,107642.182,41412.65963
1995,Croatia,16926.33577,3471.36939,2301.284001
1995,Cyprus,5882.266123,750.0740611,379.1570545
1995,Czechia,131608.2595,18174.54935,6640.723062
1995,Denmark,62655.77257,8339.075153,7374.65471
1995,Estonia,18048.82999,1261.98437,766.7567732
1995,European Union,4212988.597,665787.5908,343822.5396
1995,Finland,58145.44311,7420.028523,5902.753686
1995,France,400239.1154,71487.88944,67373.31559
1995,Germany,939176.7036,105613.3462,59500.65879
1995,Greece,86979.09769,11427.50943,6702.683066
1995,Hungary,61690.77388,8597.500627,4749.677951
1995,Iceland,2476.699978,646.1329075,354.1681609
1995,Ireland,35852.66712,15000.47301,8084.724003
1995,Italy,448332.9062,50325.8432,27578.518
1995,Japan,1239928.158,41926.41958,33178.79441
1995,Latvia,9090.307635,2160.042636,1686.915822
1995,Liechtenstein,204.1999761,18.0184916,9.937298698
1995,Lithuania,15084.48043,4435.271616,2806.645712
1995,Luxembourg,9170.29951,586.3809317,318.2253729
1995,Malta,2460.268911,137.0340536,61.9968047
1995,Monaco,101.1962876,1.210734952,2.802519271
1995,Netherlands,172966.1687,29699.08264,18161.13685
1995,New Zealand,28001.80534,33496.82723,5729.904961
1995,Norway,38707.50268,6209.904205,3716.904996
1995,Poland,362761.2668,58974.40796,24613.80374
1995,Portugal,54450.76572,10106.26557,3870.132937
1995,Romania,127032.8556,46097.91099,11739.30991
1995,Russian Federation,1612928.32,351384.1963,91131.70978
1995,Slovakia,44322.41366,5923.861024,2899.935518
1995,Slovenia,15254.25211,2377.041319,829.8070436
1995,Spain,267416.7183,37044.26964,17417.60209
1995,Sweden,59366.20661,7367.097718,5583.884835
1995,Switzerland,43412.83031,5729.317252,3333.124201
1995,Turkey,180903.0474,42503.02797,23744.43678
1995,Ukraine,389864.6148,138648.7947,32819.57274
1995,United Kingdom,567507.6481,126522.0681,36660.32651
1995,United States of America,5438905.704,764998.0709,449257.5447
1996,Australia,312361.5856,115355.7595,16850.84121
1996,Austria,67421.58909,9227.628606,4273.996227
1996,Belarus,58214.79941,12808.02761,12420.86958
1996,Belgium,129496.5802,12009.64367,11264.77224
1996,Bulgaria,58108.01972,11653.21318,5010.644563
1996,Canada,510736.6564,111229.5711,43528.07348
1996,Croatia,17515.26635,3439.269833,2272.347296
1996,Cyprus,6233.229775,766.9968211,354.3170687
1996,Czechia,134962.5459,18026.76564,6399.903793
1996,Denmark,75987.01221,8447.78742,7027.353557
1996,Estonia,18759.52499,1275.41605,724.4236161
1996,European Union,4317840.994,662074.4666,349939.0697
1996,Finland,64062.40929,7341.617169,5939.949697
1996,France,415941.0198,70710.22322,68891.33549
1996,Germany,959124.1303,103245.922,60865.33618
1996,Greece,89132.00774,11595.16038,6874.263843
1996,Hungary,63257.51983,8660.590619,5332.333747
1996,Iceland,2532.042407,667.0343004,368.9442705
1996,Ireland,37469.14876,15239.2269,8199.479207
1996,Italy,442277.4061,50816.84331,27694.55265
1996,Japan,1251867.569,40721.6936,34309.23232
1996,Latvia,9170.267864,2124.73357,1680.38387
1996,Liechtenstein,205.9587968,18.34642918,9.855839352
1996,Lithuania,15757.6305,4356.413414,3262.515924
1996,Luxembourg,9219.907641,595.2807299,320.7936369
1996,Malta,2578.446386,143.9567572,59.35585268
1996,Monaco,104.7079759,1.217148663,2.934744143
1996,Netherlands,182148.2881,29009.22433,18206.0945
1996,New Zealand,29295.07773,34096.24581,5800.274666
1996,Norway,41830.30808,6255.287242,3734.002651
1996,Poland,377407.8357,58106.85167,24582.31322
1996,Portugal,51703.22019,10291.51859,4064.522948
1996,Romania,130095.9253,45916.20531,11225.92733
1996,Russian Federation,1580160.844,337571.9029,85502.72674
1996,Slovakia,44186.12439,5840.367604,3082.867665
1996,Slovenia,15916.60623,2334.70561,859.968274
1996,Spain,254795.3293,38822.41417,19618.46549
1996,Sweden,63302.7784,7375.664325,5596.06151
1996,Switzerland,44098.81967,5668.313273,3258.79656
1996,Turkey,199521.9389,42854.51031,24433.03368
1996,Ukraine,351408.7528,134676.0472,28453.13443
1996,United Kingdom,589137.8247,125643.9292,36650.56444
1996,United States of America,5626911.901,757630.5061,460856.9219
1997,Australia,320795.0862,118199.0407,17647.32335
1997,Austria,67232.77876,8925.399291,4300.242856
1997,Belarus,58720.59178,12885.35991,12809.86063
1997,Belgium,124001.7643,11897.92762,11041.48429
1997,Bulgaria,55861.26939,11325.21477,4766.532953
1997,Canada,524789.1668,109737.3139,42263.77952
1997,Croatia,18575.87868,3419.163313,2455.998614
1997,Cyprus,6321.030135,771.1799348,348.1813638
1997,Czechia,130733.0672,17618.1939,6371.217815
1997,Denmark,66603.07504,8328.216081,7059.01525
1997,Estonia,18317.27539,1329.172124,733.3792814
1997,European Union,4227943.483,655916.7112,346965.725
1997,Finland,62722.99242,7258.966425,5953.749087
1997,France,408989.959,69606.81784,68822.63363
1997,Germany,931230.0701,98735.20616,57964.7357
1997,Greece,93820.93238,11548.54204,6713.920688
1997,Hungary,61813.1392,8520.158586,5329.159282
1997,Iceland,2627.513599,671.9669881,362.1290294
1997,Ireland,38805.23911,15208.40099,8091.588971
1997,Italy,448044.9411,51363.92229,28675.84168
1997,Japan,1245112.034,39970.45473,35116.48949
1997,Latvia,8645.952192,2092.909762,1675.889037
1997,Liechtenstein,218.3710126,18.05628772,9.898109958
1997,Lithuania,15182.20784,4367.132139,3376.322499
1997,Luxembourg,8573.106453,590.0000916,317.8385268
1997,Malta,2586.187667,150.795727,60.2981827
1997,Monaco,103.193469,1.087583248,3.039932972
1997,Netherlands,175019.6263,27378.14992,17942.8716
1997,New Zealand,31289.33789,34770.05183,5889.658992
1997,Norway,41969.97546,6274.604766,3724.497762
1997,Poland,367385.3232,57833.03381,24664.26121
1997,Portugal,54597.58789,10484.68341,4111.038464
1997,Romania,121074.6743,49814.77543,10897.25846
1997,Russian Federation,1475157.172,325262.8963,82862.02034
1997,Slovakia,44313.68034,5642.139088,3082.007696
1997,Slovenia,16244.92145,2350.317676,876.5735436
1997,Spain,267306.4392,39663.63816,19231.3307
1997,Sweden,58212.55213,7305.874011,5600.588249
1997,Switzerland,43037.26666,5519.477619,3240.386591
1997,Turkey,212005.5681,42121.71458,23914.56288
1997,Ukraine,340242.6862,129383.4971,29215.52141
1997,United Kingdom,563241.8361,123338.0337,36903.90846
1997,United States of America,5703706.968,741833.574,446662.7394
1998,Australia,334684.5179,117153.7177,17892.41801
1998,Austria,66875.14682,8745.768676,4347.655621
1998,Belarus,57372.46778,12875.76403,15650.25745
1998,Belgium,130227.1097,11731.08091,10926.85065
1998,Bulgaria,53275.21705,10729.11278,3930.764835
1998,Canada,533639.7928,110472.3769,38492.86434
1998,Croatia,19278.90348,3401.569192,2129.173487
1998,Cyprus,6614.649104,772.644644,372.4381164
1998,Czechia,125317.6692,16932.603,6255.128463
1998,Denmark,62395.89236,8380.689088,7108.604913
1998,Estonia,16817.24734,1288.110792,755.9298454
1998,European Union,4224534.866,640348.3606,325237.0723
1998,Finland,59373.25609,6992.46879,5777.648206
1998,France,428344.3552,69720.84428,62148.39397
1998,Germany,923275.9087,93625.79773,45219.72
1998,Greece,98641.49937,11772.09154,6636.366286
1998,Hungary,61415.00109,8400.088324,5236.788929
1998,Iceland,2647.856127,672.763108,361.5062706
1998,Ireland,40708.84985,15436.3304,8512.690866
1998,Italy,460049.1991,50880.46032,28951.20688
1998,Japan,1205416.319,38107.77763,33533.04799
1998,Latvia,8280.688153,2006.410204,1621.780471
1998,Liechtenstein,229.232619,17.94202011,9.569155978
1998,Lithuania,16039.69998,4250.641859,3614.330255
1998,Luxembourg,7695.073025,587.6154386,314.3734106
1998,Malta,2545.134087,157.1717499,62.19765915
1998,Monaco,102.0685953,1.135924662,2.94654618
1998,Netherlands,176136.8661,26641.39352,17363.05866
1998,New Zealand,29882.78027,34215.5995,5833.310896
1998,Norway,42220.22915,6074.719141,3814.531515
1998,Poland,339132.8865,55710.63427,24563.99151
1998,Portugal,59138.43438,10686.35002,4136.625793
1998,Romania,107561.5443,47293.73678,9685.800388
1998,Russian Federation,1458157.135,313197.3027,75243.47099
1998,Slovakia,44073.14497,5580.669812,2775.428015
1998,Slovenia,15961.12827,2402.469521,875.636771
1998,Spain,276021.5824,40169.20003,19818.50164
1998,Sweden,58696.66595,7198.350266,5638.954452
1998,Switzerland,44614.82137,5448.396764,3173.374935
1998,Turkey,212040.2817,42312.75148,25251.07138
1998,Ukraine,328578.9375,125666.4622,25943.07049
1998,United Kingdom,568512.202,119813.2217,36864.30059
1998,United States of America,5751051.98,726699.755,446989.4961
1999,Australia,344063.7659,113023.5354,18387.65171
1999,Austria,65562.72177,8564.763438,4338.876684
1999,Belarus,54984.49716,12424.76067,12246.61801
1999,Belgium,124718.8983,11472.60913,10932.60622
1999,Bulgaria,46369.9838,10218.33335,4093.25579
1999,Canada,549553.212,111548.902,36320.46507
1999,Croatia,20115.45544,3470.942561,2332.764982
1999,Cyprus,6882.469707,776.0348059,364.0806722
1999,Czechia,116623.4283,16203.86966,6057.872864
1999,Denmark,59842.61911,8270.359348,7176.862364
1999,Estonia,15653.3481,1199.276036,666.4322703
1999,European Union,4158896.767,628325.2106,305081.2831
1999,Finland,58894.76995,6819.209755,5726.718681
1999,France,424600.5058,69778.22367,56292.75597
1999,Germany,895642.931,92729.80754,41707.07866
1999,Greece,97958.37849,11753.05199,6592.30846
1999,Hungary,61911.60213,8465.114031,5065.268934
1999,Iceland,2853.954925,680.6358916,369.9777234
1999,Ireland,42440.07598,14933.19332,8268.92348
1999,Italy,464548.481,50854.02125,29508.2633
1999,Japan,1242015.307,37989.86987,27386.59913
1999,Latvia,7695.9686,1873.419525,1551.48318
1999,Liechtenstein,226.5603816,17.2579765,9.323618176
1999,Lithuania,13476.96037,4000.595441,3564.501579
1999,Luxembourg,8147.983983,592.5475345,318.9938404
1999,Malta,2627.594174,164.1636556,59.86965802
1999,Monaco,102.7714981,1.373374285,2.94579356
1999,Netherlands,170727.3496,25382.85518,16673.17159
1999,New Zealand,31472.27349,34460.96509,5865.988512
1999,Norway,42974.02453,5966.01588,4027.937283
1999,Poland,329167.3319,54482.86057,24042.03735
1999,Portugal,66763.19305,10923.09971,4242.939706
1999,Romania,90778.17845,45866.394,9130.747833
1999,Russian Federation,1486090.034,312290.7602,73621.50389
1999,Slovakia,43200.60807,5552.983003,2337.694492
1999,Slovenia,15337.2395,2405.09616,871.2048859
1999,Spain,299498.6716,41282.33188,20814.04591
1999,Sweden,55820.15692,6998.616756,5421.420245
1999,Switzerland,44445.84095,5362.231013,3144.79022
1999,Turkey,207804.1627,43676.90984,25551.96702
1999,Ukraine,298203.9603,126924.2357,23780.98012
1999,United Kingdom,561651.0939,114254.7031,27341.83178
1999,United States of America,5830297.636,708860.7259,436401.2896
2000,Australia,350195.0238,116699.1851,19366.19124
2000,Austria,66162.88791,8393.105309,4319.464162
2000,Belarus,54877.3583,12286.22615,12425.25474
2000,Belgium,126735.2963,11027.45056,10211.42206
2000,Bulgaria,45305.0319,10068.64808,4166.833753
2000,Canada,572162.1029,112024.2582,35852.66882
2000,Croatia,19694.44821,3425.734223,2429.110137
2000,Cyprus,7145.880333,792.5176686,349.9683593
2000,Czechia,127066.454,15378.57872,6481.384195
2000,Denmark,55609.68554,8194.990099,7115.785388
2000,Estonia,15244.18807,1238.025487,682.5744722
2000,European Union,4177734.741,606071.4249,303953.144
2000,Finland,57038.24715,6561.350543,5801.014177
2000,France,419232.283,70147.72118,55215.21886
2000,Germany,899780.1982,88605.55099,41763.05928
2000,Greece,102999.0259,11735.93999,6370.030507
2000,Hungary,58608.27487,8566.310146,5405.13244
2000,Iceland,2946.466864,680.2527339,349.1605233
2000,Ireland,45248.99518,14338.18541,7958.071842
2000,Italy,468442.0863,50766.13678,28648.16133
2000,Japan,1264844.261,37981.97771,29905.55301
2000,Latvia,7064.715927,1872.59587,1558.709878
2000,Liechtenstein,216.8540328,16.83053755,9.222737909
2000,Lithuania,11873.91865,3861.014803,3765.721175
2000,Luxembourg,8731.566384,585.4135361,318.6822225
2000,Malta,2545.521719,174.6495005,61.42559792
2000,Monaco,100.3053733,1.429627813,3.161142104
2000,Netherlands,171887.4401,24279.48239,16145.37169
2000,New Zealand,32281.35225,35341.15912,6176.742188
2000,Norway,42518.55145,5975.453654,3827.60176
2000,Poland,317338.0342,53096.74516,24243.27733
2000,Portugal,65526.58828,11121.32381,4436.922581
2000,Romania,95455.76055,36329.48723,9614.323932
2000,Russian Federation,1471052.231,317014.9547,75643.72785
2000,Slovakia,41289.13043,5319.009389,2550.447839
2000,Slovenia,15444.89879,2498.409468,903.3579234
2000,Spain,311267.0465,42768.18009,21806.25014
2000,Sweden,54684.42832,6833.157391,5332.712195
2000,Switzerland,43617.59143,5306.614121,3307.49147
2000,Turkey,229790.6013,43557.40171,24681.8263
2000,Ukraine,285337.2013,117952.8712,23781.09049
2000,United Kingdom,568220.0555,109036.7938,26685.86385
2000,United States of America,5998070.434,703010.9234,423309.7012
2001,Australia,357669.1829,115299.1746,19686.16648
2001,Austria,70102.59997,8234.657532,4194.978387
2001,Belarus,54967.8713,12221.68329,12433.77227
2001,Belgium,126084.6844,10576.6617,9815.230328
2001,Bulgaria,49014.13625,9326.837366,4247.140698
2001,Canada,564946.3981,110153.7347,34832.89285
2001,Croatia,20806.73597,3508.629806,2405.632146
2001,Cyprus,7021.41201,824.1745799,381.5055556
2001,Czechia,126957.5554,15134.84934,6729.454207
2001,Denmark,57322.67871,8435.602367,6918.093443
2001,Estonia,15576.73398,1273.097961,670.3455188
2001,European Union,4243023.942,595314.223,301460.5137
2001,Finland,62536.20599,6426.328807,5697.289266
2001,France,424005.8505,70014.93442,54870.2918
2001,Germany,916366.1352,85044.77204,43207.4573
2001,Greece,105385.7004,11055.62704,6235.901181
2001,Hungary,60238.80093,8450.510212,5854.899767
2001,Iceland,2875.242235,691.7507663,344.0704548
2001,Ireland,47607.41652,14363.82829,7468.007213
2001,Italy,468642.8625,50868.63888,28842.86065
2001,Japan,1250211.046,37132.10949,26288.30061
2001,Latvia,7474.389958,1958.22478,1636.007999
2001,Liechtenstein,214.6645805,17.68451912,9.227458378
2001,Lithuania,12621.36565,3786.869776,3880.619252
2001,Luxembourg,9226.366846,590.7160934,299.8756414
2001,Malta,2665.171448,179.4219875,60.11561052
2001,Monaco,100.0105945,1.27615864,3.319029578
2001,Netherlands,176798.5131,23616.98506,15162.22129
2001,New Zealand,34457.44197,35723.43195,6551.878366
2001,Norway,43866.41448,5966.466638,3756.14325
2001,Poland,313647.662,54867.52401,24590.50627
2001,Portugal,65149.30489,11114.57519,4305.986056
2001,Romania,100357.0713,34866.5749,9468.319855
2001,Russian Federation,1507500.88,323654.9307,75942.99654
2001,Slovakia,43378.29533,5198.690887,2819.071388
2001,Slovenia,16378.3389,2475.324091,891.5985992
2001,Spain,313119.8411,43163.90649,20812.78949
2001,Sweden,55617.05585,6760.418828,5213.167378
2001,Switzerland,45082.44599,5347.718295,3247.336289
2001,Turkey,213486.0939,42795.00671,23182.92296
2001,Ukraine,303559.2295,116501.7433,25092.78187
2001,United Kingdom,576926.9946,104138.7803,25163.44887
2001,United States of America,5900436.596,695650.4364,438522.3368
2002,Australia,362209.546,113507.386,20212.34028
2002,Austria,71918.76215,8093.618089,4199.386951
2002,Belarus,55077.69725,12147.15207,11120.48097
2002,Belgium,126878.5821,10139.99343,9464.950977
2002,Bulgaria,46258.57285,9459.666424,4177.034292
2002,Canada,570844.7776,108324.7127,34692.80619
2002,Croatia,21912.73687,3527.084128,2370.612387
2002,Cyprus,7210.778662,848.4138636,385.8903395
2002,Czechia,123895.6221,14713.11369,6331.089981
2002,Denmark,56895.53887,8373.844693,6853.765417
2002,Estonia,15090.48722,1229.502785,647.7276914
2002,European Union,4228876.175,583879.9074,289748.1803
2002,Finland,65059.79157,6202.635569,5737.954458
2002,France,419347.5048,68315.59345,52126.00195
2002,Germany,899821.0529,80969.34653,42368.96806
2002,Greece,105020.9566,11164.36019,6193.998465
2002,Hungary,59197.00465,8400.788229,5169.667467
2002,Iceland,3000.522322,698.2021652,318.252073
2002,Ireland,46081.98413,14264.94107,7123.927189
2002,Italy,476251.236,49240.05195,28230.24284
2002,Japan,1279452.965,36436.12613,25735.57795
2002,Latvia,7502.608171,1933.105829,1599.948483
2002,Liechtenstein,220.0120639,17.87992239,9.376059719
2002,Lithuania,12690.00576,3839.506989,4114.360184
2002,Luxembourg,10003.04875,590.1956812,296.5410812
2002,Malta,2707.480914,186.2393092,59.17906308
2002,Monaco,99.73986565,1.30369232,3.174090776
2002,Netherlands,176113.0465,22488.92404,14355.59972
2002,New Zealand,34638.10139,35530.79493,6822.824557
2002,Norway,42985.66412,5841.687696,3998.185643
2002,Poland,306403.3329,53265.64564,23151.55526
2002,Portugal,69556.0827,11127.30858,4205.786727
2002,Romania,101735.3324,37265.14589,8730.488856
2002,Russian Federation,1495483.578,324570.3455,76548.32164
2002,Slovakia,42112.40505,5115.717025,2757.691758
2002,Slovenia,16525.27054,2546.971228,818.9550107
2002,Spain,333379.5155,43308.57743,20023.11656
2002,Sweden,56572.51972,6513.630459,5094.192813
2002,Switzerland,43467.59616,5303.138672,3274.359002
2002,Turkey,220977.7011,40860.3314,23147.86041
2002,Ukraine,295673.4905,109053.0663,25542.76352
2002,United Kingdom,561047.8451,101688.3909,23534.36908
2002,United States of America,5942652.335,688418.2551,436646.4716
2003,Australia,369726.0181,108063.8728,19019.88863
2003,Austria,77554.25196,8030.281825,4189.914804
2003,Belarus,56484.95401,12291.48422,11719.51247
2003,Belgium,128275.2647,9568.973191,8568.448066
2003,Bulgaria,50509.66892,9898.421717,4010.521233
2003,Canada,587178.1489,106786.298,36159.95365
2003,Croatia,23268.20988,3706.879437,2268.535569
2003,Cyprus,7605.550626,840.2089161,382.3347443
2003,Czechia,127382.8034,14724.33048,5862.671166
2003,Denmark,62055.9328,8398.561877,6731.064541
2003,Estonia,16937.23135,1231.974447,696.5116619
2003,European Union,4324440.216,575652.2647,287321.8849
2003,Finland,72657.8208,5997.030902,5869.944566
2003,France,426145.7,67232.12028,50238.78934
2003,Germany,900866.4054,77513.78501,43033.1248
2003,Greece,109089.7538,11261.48246,6122.614053
2003,Hungary,61981.47137,8571.372287,5092.936743
2003,Iceland,2994.552503,688.4114117,311.3998673
2003,Ireland,45683.96944,14865.76153,7011.958155
2003,Italy,494183.2869,49446.20785,28081.2836
2003,Japan,1287642.182,34991.46775,25577.40333
2003,Latvia,7722.590475,1848.040489,1646.226609
2003,Liechtenstein,229.3460786,18.04560423,9.390965033
2003,Lithuania,12679.86709,3896.431721,4219.486804
2003,Luxembourg,10476.0187,579.5943211,274.7656609
2003,Malta,2979.280956,193.1444704,58.96331261
2003,Monaco,97.05070775,1.267548495,3.037769154
2003,Netherlands,179564.9981,21714.99226,14232.24794
2003,New Zealand,36351.90404,35663.4218,7003.268199
2003,Norway,44305.68032,5813.888878,3850.852835
2003,Poland,319406.0512,53369.62887,22858.74563
2003,Portugal,64419.31474,11130.25473,3859.407797
2003,Romania,105295.1722,38508.69954,9430.40349
2003,Russian Federation,1525389.951,336816.9383,74677.18785
2003,Slovakia,42438.08375,4977.525736,2741.647133
2003,Slovenia,16289.02973,2508.637641,790.6751201
2003,Spain,337588.927,43727.80453,21237.37683
2003,Sweden,57160.56661,6303.879424,5059.409059
2003,Switzerland,44651.90699,5222.947147,3077.787148
2003,Turkey,236483.8929,42864.46687,24686.81356
2003,Ukraine,307017.4717,109680.4876,22842.00843
2003,United Kingdom,572532.2511,96504.25667,23110.38166
2003,United States of America,5991959.633,688031.34,437143.955
2004,Australia,383205.1223,110200.4546,20697.95528
2004,Austria,77674.39064,8033.7889,3603.295701
2004,Belarus,60076.46853,13084.40877,12115.26537
2004,Belgium,128805.2923,9517.352387,8753.830508
2004,Bulgaria,49570.73063,9281.170406,4612.455071
2004,Canada,585703.098,107090.8911,38343.73467
2004,Croatia,22916.82796,3811.733803,2484.036605
2004,Cyprus,7840.938996,835.4931045,343.7119202
2004,Czechia,128113.8111,14302.90908,6545.5761
2004,Denmark,56499.8132,8219.210385,6298.399793
2004,Estonia,17201.01278,1249.964911,734.356479
2004,European Union,4336433.661,558072.2362,292931.5932
2004,Finland,68960.75486,5813.206623,5956.18812
2004,France,427117.5765,65747.94524,48632.2692
2004,Germany,886965.9737,72528.79002,45209.79291
2004,Greece,109546.7492,11287.54005,6128.223227
2004,Hungary,60489.9171,8218.263223,5884.20696
2004,Iceland,3116.887019,684.9670959,311.2300407
2004,Ireland,46166.92555,13904.70572,6915.685562
2004,Italy,499619.393,47828.71521,28881.97556
2004,Japan,1282872.083,36025.05013,25407.78364
2004,Latvia,7727.755698,1817.813559,1630.775042
2004,Liechtenstein,229.3804878,18.13577066,9.064263306
2004,Lithuania,13272.34287,3916.117922,4445.164917
2004,Luxembourg,11844.30646,576.2758207,299.7331183
2004,Malta,2846.41053,202.7810353,58.63598858
2004,Monaco,91.87932525,1.592638013,2.899744627
2004,Netherlands,181381.7659,21331.71289,14679.31649
2004,New Zealand,35940.11114,35632.04621,7046.620907
2004,Norway,44622.57993,5698.043549,3995.029018
2004,Poland,324146.2098,53075.76076,23493.39571
2004,Portugal,67255.3254,11134.76747,4021.482656
2004,Romania,104269.7567,37110.23207,10707.92295
2004,Russian Federation,1530473.625,343465.8269,74031.89493
2004,Slovakia,42924.74907,5071.71248,2981.114741
2004,Slovenia,16651.03028,2457.410582,767.413241
2004,Spain,354485.5772,43223.75003,20504.53768
2004,Sweden,56475.91901,6330.347543,5068.018855
2004,Switzerland,45236.39943,5188.629326,3004.84649
2004,Turkey,244464.1125,43489.33628,25209.5481
2004,Ukraine,310362.7483,106529.281,25322.89434
2004,United Kingdom,573994.4908,92148.35885,23652.45936
2004,United States of America,6107618.246,681718.7032,446697.2043
2005,Australia,386513.4543,111908.8764,20793.96322
2005,Austria,79192.43192,7799.942828,3601.499442
2005,Belarus,61367.09879,12827.12484,12499.4846
2005,Belgium,125661.6877,9270.777996,8508.140087
2005,Bulgaria,50656.42664,8808.961328,4449.012379
2005,Canada,576434.4638,105737.3318,37212.33088
2005,Croatia,23330.09858,3833.011918,2478.440368
2005,Cyprus,8031.300674,818.5000376,316.7678931
2005,Czechia,125671.9418,14675.19035,6358.150674
2005,Denmark,52932.00069,7979.282415,5662.26021
2005,Estonia,16921.62025,1217.738898,736.8835501
2005,European Union,4313650.093,546372.7809,285768.8751
2005,Finland,57042.8982,5564.712129,6046.21923
2005,France,430528.2776,64652.8088,47689.11174
2005,Germany,866388.5487,69368.13724,43278.88178
2005,Greece,113930.9669,11382.3182,5957.518804
2005,Hungary,60606.52733,8011.859672,5617.174834
2005,Iceland,2985.968758,672.5615142,312.0970042
2005,Ireland,48155.53514,13581.8679,6762.021693
2005,Italy,500005.6763,48328.30538,28032.24006
2005,Japan,1290056.277,35845.43941,24962.61332
2005,Latvia,7806.676265,1866.900701,1668.878835
2005,Liechtenstein,228.9696428,18.64348668,9.194237421
2005,Lithuania,14091.07595,3909.474269,4710.746776
2005,Luxembourg,12105.44806,575.1993328,282.6916213
2005,Malta,2654.255771,213.9763277,58.20376784
2005,Monaco,90.31122833,1.740575795,2.790434969
2005,Netherlands,177459.0051,19874.58799,14589.14205
2005,New Zealand,37571.03914,35857.11157,7089.353825
2005,Norway,43923.15685,5551.454993,4064.430972
2005,Poland,323161.2669,53475.87901,23737.72865
2005,Portugal,69483.98231,11067.3126,3845.708997
2005,Romania,102694.4733,37662.0056,10548.53973
2005,Russian Federation,1547375.781,346426.3175,73603.56507
2005,Slovakia,42910.8509,5106.733124,2920.544115
2005,Slovenia,16948.1214,2431.636877,771.2286995
2005,Spain,369492.1247,42269.4554,19784.19008
2005,Sweden,53852.85668,6140.515919,4962.556308
2005,Switzerland,45788.23496,5203.77434,3116.870039
2005,Turkey,264200.7972,45155.77984,26058.63998
2005,Ukraine,313118.0879,102445.9042,25639.22569
2005,United Kingdom,570724.2652,87366.26407,22746.43266
2005,United States of America,6131892.976,679562.0902,432632.7451
2006,Australia,392680.6463,111344.1311,20723.37634
2006,Austria,76898.32852,7700.233312,3610.453573
2006,Belarus,64157.15814,13252.68355,13198.85813
2006,Belgium,123905.7573,9169.308802,7504.654737
2006,Bulgaria,51895.21911,8501.912178,3975.633257
2006,Canada,570950.3809,104730.63,34931.9683
2006,Croatia,23529.45374,3969.979979,2494.859599
2006,Cyprus,8223.174492,820.1893356,329.7296417
2006,Czechia,126449.4545,14907.95291,6236.994041
2006,Denmark,60858.68535,7874.898219,5528.143596
2006,Estonia,16208.80542,1206.180157,725.056891
2006,European Union,4319665.139,533854.3668,274604.8768
2006,Finland,68384.42277,5638.586195,5841.135196
2006,France,419737.0202,63920.0744,46399.28331
2006,Germany,877997.391,65595.35181,42827.00623
2006,Greece,112472.4375,11459.9027,5788.939401
2006,Hungary,59915.38109,7864.57922,5343.925142
2006,Iceland,3164.402791,708.776782,322.3222952
2006,Ireland,47603.93782,13544.42648,6497.749399
2006,Italy,495124.1984,47064.7798,23123.38618
2006,Japan,1266828.606,35263.72328,24837.31652
2006,Latvia,8305.734198,1819.966635,1670.134257
2006,Liechtenstein,231.0986716,19.40014928,9.372466424
2006,Lithuania,14408.01085,3908.949506,4658.948394
2006,Luxembourg,11936.28426,571.385596,281.2991945
2006,Malta,2665.944469,221.6388792,58.8492737
2006,Monaco,84.0080086,1.95361903,3.028307585
2006,Netherlands,172686.5233,19432.64942,14545.99074
2006,New Zealand,37466.32902,36072.56046,7021.603546
2006,Norway,44484.78055,5404.684245,3730.698417
2006,Poland,337037.5115,53691.35681,24177.0755
2006,Portugal,64767.65484,10967.55455,3712.962725
2006,Romania,105082.793,37055.47199,9397.832438
2006,Russian Federation,1606313.355,352921.4523,73605.32914
2006,Slovakia,42687.29042,4935.476398,3145.344692
2006,Slovenia,17142.52575,2378.223319,783.0606263
2006,Spain,360578.6042,41567.62333,19775.12823
2006,Sweden,53674.2652,6027.049503,4906.280798
2006,Switzerland,45373.68308,5220.257025,3009.664956
2006,Turkey,281649.1849,46589.01486,28148.77529
2006,Ukraine,332670.3372,100088.1178,25990.83384
2006,United Kingdom,568390.0546,82927.13843,21607.74651
2006,United States of America,6051051.022,683953.8356,428713.7666
2007,Australia,399842.4606,111065.157,19156.99406
2007,Austria,74262.58777,7595.134823,3624.902455
2007,Belarus,63569.92831,13506.78631,13097.91908
2007,Belgium,120496.1616,9109.246162,6979.09455
2007,Bulgaria,55740.84477,8406.993657,4013.35404
2007,Canada,594220.5708,103092.8742,35662.6466
2007,Croatia,24843.81244,3994.549011,2548.672706
2007,Cyprus,8538.918326,823.4022272,324.3989937
2007,Czechia,128264.3297,14472.8905,6293.718891
2007,Denmark,56102.03543,7850.521005,5707.8716
2007,Estonia,19838.5634,1222.51763,790.6553321
2007,European Union,4272760.081,525152.3693,275383.0631
2007,Finland,66760.303,5506.255289,5910.675072
2007,France,409033.4135,63494.3561,46566.48216
2007,Germany,851383.3049,63569.2319,44707.95713
2007,Greece,114592.3352,11326.62162,5892.648889
2007,Hungary,58688.62595,7819.064687,4796.096656
2007,Iceland,3512.098023,715.2314067,334.598961
2007,Ireland,47665.12966,12879.57896,6322.830582
2007,Italy,487693.3055,47763.45212,22407.55958
2007,Japan,1302524.285,35539.52482,24202.34338
2007,Latvia,8631.989067,1869.033362,1720.65199
2007,Liechtenstein,200.7674223,19.6424228,9.448705493
2007,Lithuania,15797.78735,3872.221582,5458.001235
2007,Luxembourg,11333.58394,580.188624,286.2368011
2007,Malta,2735.723206,227.8088686,59.21848198
2007,Monaco,82.76842356,1.854205539,3.899064919
2007,Netherlands,172587.1803,19481.67317,12893.92386
2007,New Zealand,36559.88429,35132.47792,6770.139685
2007,Norway,46231.28602,5487.66135,3556.277799
2007,Poland,336368.4978,52830.00389,25007.28998
2007,Portugal,62280.42297,10766.13783,3882.43433
2007,Romania,108440.4933,36108.53749,9395.920049
2007,Russian Federation,1604323.814,356399.3364,75403.10126
2007,Slovakia,41095.10649,4875.323652,3011.863146
2007,Slovenia,17281.00171,2404.593869,790.5907155
2007,Spain,368432.6984,42408.67642,19935.21164
2007,Sweden,52940.90445,5765.061236,4745.235404
2007,Switzerland,43368.3664,5202.424944,3105.136612
2007,Turkey,312736.7085,48981.84159,27395.15938
2007,Ukraine,336364.0135,99906.8724,25610.01574
2007,United Kingdom,560205.5955,79042.73595,21659.0817
2007,United States of America,6128429.64,685669.5339,439932.8944
2008,Australia,404417.4075,109353.5925,19431.19553
2008,Austria,73588.40482,7469.494271,3805.053456
2008,Belarus,65694.81825,14472.78506,13819.72867
2008,Belgium,120202.8623,8911.077527,6972.902185
2008,Bulgaria,54079.55745,8180.575595,4247.36697
2008,Canada,575586.908,100190.8317,37409.1818
2008,Croatia,23628.57773,3990.743468,2853.511258
2008,Cyprus,8707.253171,821.7132338,312.0377873
2008,Czechia,122941.3733,14594.55025,6367.465646
2008,Denmark,52640.36629,7734.270565,5699.285068
2008,Estonia,17668.11724,1207.164735,845.6417193
2008,European Union,4172947.613,514020.6551,265155.5477
2008,Finland,58609.61855,5363.356001,6066.751665
2008,France,401422.8699,63548.03864,45787.29342
2008,Germany,854706.3344,62652.95688,45106.70497
2008,Greece,111125.2416,11229.79512,5652.565512
2008,Hungary,57530.81504,7673.19028,4095.199748
2008,Iceland,3824.940581,701.4643704,341.6759642
2008,Ireland,47366.2461,12676.40227,6265.733938
2008,Italy,476229.9708,47327.83824,20904.28957
2008,Japan,1231909.525,35239.64598,23386.65688
2008,Latvia,8192.818535,1832.923071,1697.222301
2008,Liechtenstein,219.507244,19.85308199,9.631473043
2008,Lithuania,15179.1618,3806.756451,5195.079286
2008,Luxembourg,11195.24634,590.4976357,292.5292782
2008,Malta,2747.13216,147.2400743,56.39394555
2008,Monaco,82.35295461,1.895469992,3.831407436
2008,Netherlands,175481.511,19709.55387,9121.792956
2008,New Zealand,37592.31699,34117.12456,6764.416204
2008,Norway,45377.69503,5341.590891,3114.107852
2008,Poland,330144.9987,52652.02288,24560.58786
2008,Portugal,59973.06253,10531.64793,3791.588306
2008,Romania,105534.5795,35183.21038,8199.801813
2008,Russian Federation,1636694.375,359830.9624,78106.89588
2008,Slovakia,41503.17436,4950.500077,2965.630767
2008,Slovenia,18220.01445,2283.610424,752.3642748
2008,Spain,336624.2101,40922.23141,18039.85789
2008,Sweden,50855.99558,5492.783073,4825.63575
2008,Switzerland,44714.30997,5272.989404,2979.061518
2008,Turkey,309321.1949,49891.0493,25932.04756
2008,Ukraine,325532.7129,93232.24077,30788.8184
2008,United Kingdom,545682.4677,73452.39506,21018.24519
2008,United States of America,5930539.643,691692.0528,423646.1807
2009,Australia,407463.328,108388.5356,19818.98012
2009,Austria,67493.94808,7393.139324,3583.360734
2009,Belarus,61402.69868,14578.78945,14108.89384
2009,Belgium,107743.3667,8846.083851,7071.587422
2009,Bulgaria,45773.77102,7877.059093,3854.564148
2009,Canada,542549.5998,93922.014,34228.17368
2009,Croatia,21837.80144,4069.524033,2211.454806
2009,Cyprus,8453.79757,824.0187532,304.3749506
2009,Czechia,115193.7434,14245.74712,5523.502382
2009,Denmark,50184.6892,7603.821664,5500.303056
2009,Estonia,14339.00937,1222.712667,798.9618373
2009,European Union,3832105.82,501782.2489,249087.0204
2009,Finland,55924.36519,5296.737723,5202.25423
2009,France,385421.5837,62456.82043,44248.76041
2009,Germany,790195.7173,60184.94019,44221.49845
2009,Greece,104354.7529,10861.70133,5291.306634
2009,Hungary,51774.96572,7710.223175,3801.618549
2009,Iceland,3740.179606,692.4971702,316.7326282
2009,Ireland,42179.53837,12322.58563,6092.477591
2009,Italy,422624.1873,47292.36906,19755.63042
2009,Japan,1162647.866,34276.54035,22743.00157
2009,Latvia,7451.917604,1853.583679,1719.924216
2009,Liechtenstein,205.3543398,19.68335363,9.527774042
2009,Lithuania,13022.76795,3709.482785,3119.567829
2009,Luxembourg,10647.82134,591.8640279,289.5052874
2009,Malta,2532.568424,162.1050301,52.65935284
2009,Monaco,79.16375832,1.017698835,4.097443758
2009,Netherlands,170167.7414,19489.08871,8921.107632
2009,New Zealand,34762.43475,34286.36111,6667.820268
2009,Norway,43890.02735,5383.505833,2564.028684
2009,Poland,316607.7006,51338.42405,21338.15933
2009,Portugal,57200.25566,10351.92577,3483.612042
2009,Romania,86024.13623,33462.1335,7563.466104
2009,Russian Federation,1528764.918,337368.3689,78130.11397
2009,Slovakia,37755.06558,4703.378913,2637.837348
2009,Slovenia,16329.78202,2189.336375,744.6695776
2009,Spain,297241.175,42374.56068,17869.92975
2009,Sweden,47231.11684,5338.206498,4654.485814
2009,Switzerland,43534.71554,5180.892065,2868.552343
2009,Turkey,315359.6376,49590.82268,28253.70299
2009,Ukraine,277293.5006,85161.554,26788.07279
2009,United Kingdom,495119.4859,68914.8234,19565.44058
2009,United States of America,5491035.727,680197.8131,422461.4619
2010,Australia,405502.7989,106258.9856,19711.35419
2010,Austria,72011.84088,7308.657728,3388.642423
2010,Belarus,63156.39185,15150.85216,13968.81209
2010,Belgium,114561.0302,8794.357034,7587.117907
2010,Bulgaria,47862.93039,7844.178564,4337.751013
2010,Canada,555549.8495,91559.35782,33391.60871
2010,Croatia,21050.85968,4145.181079,2449.829242
2010,Cyprus,8089.011267,831.9147611,321.2071067
2010,Czechia,117500.7118,14445.96563,5401.228796
2010,Denmark,50678.30619,7667.566784,5404.155643
2010,Estonia,18784.96062,1243.701641,813.1304611
2010,European Union,3951411.914,490884.8979,239061.2673
2010,Finland,64099.45132,5354.961516,4808.353369
2010,France,393717.8185,62197.3556,41992.93497
2010,Germany,832669.7351,59181.1997,36235.58391
2010,Greece,97361.50398,11068.167,5489.518174
2010,Hungary,52123.67804,7713.513941,3727.610917
2010,Iceland,3660.124667,681.8610662,305.5082394
2010,Ireland,41747.9286,12070.12268,6345.585321
2010,Italy,433688.0239,46980.02783,19078.12221
2010,Japan,1214068.556,34783.5992,22195.3514
2010,Latvia,8548.878759,1791.27026,1748.088524
2010,Liechtenstein,190.808156,19.11045397,9.292505407
2010,Lithuania,13926.73886,3684.249965,3013.850936
2010,Luxembourg,11219.2943,591.6551715,297.1481124
2010,Malta,2581.758859,180.4372424,52.50511484
2010,Monaco,77.69199338,1.2543823,4.127811236
2010,Netherlands,182117.9381,19405.98858,8628.942414
2010,New Zealand,34957.78384,34319.9589,6873.634557
2010,Norway,46231.65412,5389.769959,2474.664712
2010,Poland,334606.784,51156.13323,20915.00902
2010,Portugal,52989.37725,10153.62217,3460.793498
2010,Romania,84289.72156,31036.70504,7792.690447
2010,Russian Federation,1612884.814,351949.6649,75000.18994
2010,Slovakia,38523.21729,4797.648424,2442.793684
2010,Slovenia,16376.44351,2157.639944,735.5584183
2010,Spain,283724.9936,40524.75263,18197.71858
2010,Sweden,53042.22336,5216.540091,4823.489771
2010,Switzerland,45049.55158,5154.273682,3012.860693
2010,Turkey,314380.0326,51319.21651,29601.832
2010,Ukraine,294078.3225,84567.78294,27372.77169
2010,United Kingdom,512864.7917,64242.42349,19905.22374
2010,United States of America,5698055.779,682336.3292,431423.7712
2011,Australia,404172.757,108278.926,20478.32266
2011,Austria,69898.2413,7108.459349,3481.29621
2011,Belarus,62106.7449,15040.70433,14746.25725
2011,Belgium,105046.0578,8530.818689,6374.290986
2011,Bulgaria,53178.04361,8056.328578,3991.728782
2011,Canada,566740.991,91386.64195,33610.40524
2011,Croatia,20682.43924,4095.32989,2524.574076
2011,Cyprus,7759.467718,837.1002533,308.5544081
2011,Czechia,115060.2594,14477.98161,6039.31541
2011,Denmark,45652.27883,7508.191531,5397.772266
2011,Estonia,18855.12469,1200.646429,817.4228661
2011,European Union,3803658.29,480728.304,235137.5217
2011,Finland,56665.65205,5183.202237,4668.632409
2011,France,367051.0831,61006.37161,40527.3191
2011,Germany,809426.9498,58067.16829,37539.20587
2011,Greece,94549.57729,10935.65713,5245.244371
2011,Hungary,50322.14566,7630.453369,3918.949857
2011,Iceland,3510.638755,660.1924353,302.1034652
2011,Ireland,38052.2226,12037.56028,5938.673457
2011,Italy,422039.4752,45569.44935,18556.81255
2011,Japan,1264155.127,33776.16854,21789.83456
2011,Latvia,7805.399547,1742.766117,1748.122669
2011,Liechtenstein,176.7769568,19.46801565,9.67454278
2011,Lithuania,14271.07698,3524.11993,3356.458347
2011,Luxembourg,11114.55482,567.3056385,300.0903856
2011,Malta,2578.072342,168.2775302,45.72133076
2011,Monaco,75.01078291,1.157977382,3.973453788
2011,Netherlands,169065.7343,18859.43234,8413.973191
2011,New Zealand,34249.57119,34439.51329,7061.104159
2011,Norway,45513.35981,5236.981813,2469.024546
2011,Poland,333952.0348,49992.25932,21244.43015
2011,Portugal,51792.65383,10049.81207,3196.637909
2011,Romania,89518.24584,30198.9994,8138.513962
2011,Russian Federation,1664953.147,360136.7795,79118.90544
2011,Slovakia,38111.95304,4862.475526,2083.645252
2011,Slovenia,16360.30109,2149.568507,747.1280523
2011,Spain,284543.8483,40639.63179,17225.5217
2011,Sweden,49166.9006,5066.002034,4522.1081
2011,Switzerland,40985.52355,5099.144807,2941.785666
2011,Turkey,339482.2521,53694.47618,30673.42399
2011,Ukraine,307952.8414,86010.19579,33334.15607
2011,United Kingdom,470608.131,61559.16651,19118.33432
2011,United States of America,5565294.401,656270.4472,421855.6684
2012,Australia,406506.2418,107907.0726,20821.19426
2012,Austria,67209.09638,7006.736487,3449.439422
2012,Belarus,63008.34586,15365.98201,14450.00242
2012,Belgium,102428.7547,8392.1301,6306.825079
2012,Bulgaria,48349.00854,7686.28673,4066.365814
2012,Canada,569737.013,94060.47297,34988.37385
2012,Croatia,19114.77903,4048.485231,2317.713064
2012,Cyprus,7234.89237,826.5208897,303.4130931
2012,Czechia,110955.1646,14460.43577,5894.467871
2012,Denmark,41218.23567,7400.802488,5306.470021
2012,Estonia,17684.97539,1218.326308,868.4172857
2012,European Union,3745971.327,476423.3781,232607.8488
2012,Finland,51222.14666,5128.187197,4660.700748
2012,France,368311.7726,59676.20803,40739.47356
2012,Germany,813893.1208,58804.78546,36863.34195
2012,Greece,91430.0996,10772.70074,4817.296158
2012,Hungary,46776.67814,7680.183557,3855.720618
2012,Iceland,3502.885748,633.4337575,307.1505667
2012,Ireland,38209.59115,12336.88914,6097.938516
2012,Italy,401554.7086,46168.16874,19049.92884
2012,Japan,1305432.85,32903.96441,21470.79353
2012,Latvia,7515.21088,1784.28556,1813.359607
2012,Liechtenstein,185.3148191,19.91614689,9.529766325
2012,Lithuania,14330.82894,3532.880016,3178.413096
2012,Luxembourg,10851.39911,559.2549396,295.5466147
2012,Malta,2762.074708,166.4983507,45.90002241
2012,Monaco,78.04768977,1.300596211,3.949746025
2012,Netherlands,165827.0273,18438.36878,8250.491859
2012,New Zealand,36000.43344,34899.97617,7209.712247
2012,Norway,45038.3126,5212.145626,2474.062482
2012,Poland,326348.2115,49743.48627,21331.20248
2012,Portugal,49962.62359,9806.388825,3213.804242
2012,Romania,86255.69302,30694.09876,7431.571186
2012,Russian Federation,1679866.196,364676.8304,76729.47056
2012,Slovakia,36021.18152,4480.385875,2009.148301
2012,Slovenia,15821.75598,2103.529995,750.2236403
2012,Spain,278850.6911,39441.68707,16552.78739
2012,Sweden,46692.00743,4899.563713,4482.997024
2012,Switzerland,42254.7224,5070.774774,3001.277311
2012,Turkey,353666.2091,57091.95913,31812.16266
2012,Ukraine,303952.6061,80482.43555,31882.74129
2012,United Kingdom,488503.5484,60043.72056,18983.26414
2012,United States of America,5367568.555,646830.1439,392262.993
2013,Australia,397943.1786,107218.4687,19651.62091
2013,Austria,67745.68954,6907.097205,3434.520287
2013,Belarus,63743.44537,15777.18601,14368.03634
2013,Belgium,102674.4041,8236.656142,6146.26473
2013,Bulgaria,42649.50769,7564.695251,4463.951063
2013,Canada,576327.0062,95502.21377,36918.90618
2013,Croatia,18454.62201,3812.171822,1721.742167
2013,Cyprus,6554.364046,820.46419,280.1903459
2013,Czechia,106427.4589,13879.72306,5670.861941
2013,Denmark,43079.32934,7308.403902,5301.203999
2013,Estonia,19551.95311,1216.180174,870.1436172
2013,European Union,3655077.462,466765.2709,233020.9986
2013,Finland,51750.95935,4989.555252,4699.461291
2013,France,370548.9909,59160.69784,40515.58522
2013,Germany,831316.279,58219.38579,37406.73714
2013,Greece,81735.05364,10532.9005,4517.956913
2013,Hungary,43704.80549,7511.401071,4196.825096
2013,Iceland,3492.771725,638.5787114,302.443709
2013,Ireland,37235.30295,12672.86574,6536.820247
2013,Italy,367568.7123,44770.83587,18289.45702
2013,Japan,1314702.999,32533.42444,21496.232
2013,Latvia,7381.98894,1806.238806,1837.799307
2013,Liechtenstein,192.537021,19.10847319,9.237649323
2013,Lithuania,13340.26873,3465.476473,2948.721605
2013,Luxembourg,10303.87227,563.5626801,296.0803472
2013,Malta,2437.840534,156.1778619,45.01096652
2013,Monaco,78.80966798,1.269528431,4.074495219
2013,Netherlands,165717.8778,18425.57004,8430.425292
2013,New Zealand,35240.93689,34982.90016,7230.13015
2013,Norway,44982.39531,5146.698135,2446.841527
2013,Poland,322225.4403,49879.18481,21495.39727
2013,Portugal,48161.8829,9566.382747,3223.442265
2013,Romania,76875.89361,30158.61669,7602.828149
2013,Russian Federation,1619172.892,364595.4226,78340.72318
2013,Slovakia,35577.83762,4604.274188,1994.544215
2013,Slovenia,15188.91361,2047.634227,722.4519959
2013,Spain,252763.8173,38489.7099,17262.36156
2013,Sweden,45086.33548,4828.159941,4523.205735
2013,Switzerland,43185.83728,5006.729969,2901.266541
2013,Turkey,345220.5849,55469.06375,33826.1801
2013,Ukraine,297294.2528,75185.45111,35394.98295
2013,United Kingdom,478608.9451,56051.1103,18914.2198
2013,United States of America,5514029.294,642457.5365,439175.2414
2014,Australia,394116.8915,105070.906,20096.66361
2014,Austria,64084.42747,6777.445867,3518.695026
2014,Belarus,63083.63923,15853.78848,14097.26563
2014,Belgium,96811.32308,8118.957929,6181.749975
2014,Bulgaria,45169.32969,7459.824743,4925.232014
2014,Canada,575942.1788,97277.553,35711.45785
2014,Croatia,17704.98528,3854.512355,1656.255249
2014,Cyprus,6934.591927,820.8414571,275.498496
2014,Czechia,104049.8795,13878.47613,5770.808922
2014,Denmark,38866.72865,7274.49979,5398.924494
2014,Estonia,18755.94859,1181.297607,899.3090939
2014,European Union,3480937.318,459501.6187,236197.2279
2014,Finland,47643.86328,4892.211429,4759.143499
2014,France,339492.9158,58986.96668,41735.97067
2014,Germany,792684.874,56991.08387,38050.34231
2014,Greece,78659.79574,10323.79316,4310.798034
2014,Hungary,43862.71109,7329.739986,4429.950702
2014,Iceland,3469.681871,650.4207487,331.0393919
2014,Ireland,36785.32652,12966.84544,6356.316197
2014,Italy,347860.8035,43904.6718,17833.83232
2014,Japan,1263049.942,31886.89295,21101.08576
2014,Latvia,7182.633976,1853.725352,1877.415786
2014,Liechtenstein,161.2387162,18.54948689,9.126621073
2014,Lithuania,13087.47013,3471.766554,3085.432644
2014,Luxembourg,9825.215863,576.5017519,299.3647041
2014,Malta,2442.395661,172.4321917,45.71034407
2014,Monaco,73.88640003,1.308817521,3.704318032
2014,Netherlands,158768.0123,18008.29209,8558.245496
2014,New Zealand,35457.80447,35226.47401,7371.558671
2014,Norway,44916.60605,5087.818099,2454.432934
2014,Poland,309920.9158,49246.96175,21045.77709
2014,Portugal,47948.43506,9435.554032,3347.064788
2014,Romania,77432.41729,30026.68493,7322.679861
2014,Russian Federation,1622348.909,363599.2712,79372.07186
2014,Slovakia,33654.49733,4341.74975,2116.213359
2014,Slovenia,13531.93631,1946.781608,730.356907
2014,Spain,255100.2057,37908.22718,17915.72099
2014,Sweden,43337.55541,4701.769394,4576.553958
2014,Switzerland,39234.43282,5003.621204,2881.233613
2014,Turkey,361675.4608,57304.7294,34280.02913
2014,Ukraine,257584.6893,68759.02601,35294.23511
2014,United Kingdom,439763.277,53930.7315,19506.5016
2014,United States of America,5561719.216,639011.1102,449265.1739
2015,Australia,401554.7572,105368.8013,19557.63062
2015,Austria,66283.23655,6702.056603,3528.503245
2015,Belarus,58633.0602,15998.73542,13810.95339
2015,Belgium,100981.3441,8127.371487,6035.059086
2015,Bulgaria,48194.27999,7450.421038,5035.811136
2015,Canada,575906.9386,95542.41621,36490.29021
2015,Croatia,17840.75069,3946.530644,1850.321768
2015,Cyprus,6960.129496,832.4277216,283.0537118
2015,Czechia,104815.3768,13943.87648,6172.239855
2015,Denmark,36493.99485,7201.291066,5408.645147
2015,Estonia,15813.40444,1146.790789,924.097318
2015,European Union,3518768.001,459247.5459,236647.0763
2015,Finland,44113.71374,4856.615865,4764.81489
2015,France,344096.9781,58308.52026,41567.8895
2015,Germany,795816.3587,56767.55946,38667.06905
2015,Greece,74957.90491,10151.66491,4248.146742
2015,Hungary,46627.61335,7352.830504,4532.274058
2015,Iceland,3545.255164,656.4299505,313.2023112
2015,Ireland,38545.33028,13290.14368,6354.993921
2015,Italy,360088.1778,43883.60139,17859.25645
2015,Japan,1222781.315,31064.69379,20737.14393
2015,Latvia,7272.705005,1754.997124,1921.700906
2015,Liechtenstein,159.7113434,18.37661955,9.179113659
2015,Lithuania,13297.1428,3424.571929,3105.460737
2015,Luxembourg,9333.168899,582.3785308,297.5869476
2015,Malta,1735.29588,181.9050145,45.41745342
2015,Monaco,74.36154372,1.352906472,3.642419207
2015,Netherlands,166366.6559,18202.62091,8808.214433
2015,New Zealand,35839.19389,34707.38826,7450.754939
2015,Norway,45350.49638,5055.274667,2491.423469
2015,Poland,313099.1474,49805.78188,20317.55055
2015,Portugal,52294.06042,9220.023867,3238.08354
2015,Romania,77725.62988,29544.30971,7450.664382
2015,Russian Federation,1622861.01,363011.7538,81146.12863
2015,Slovakia,34484.23681,4530.98836,2057.746728
2015,Slovenia,13617.54258,2003.596879,752.7786966
2015,Spain,271687.3492,39189.63757,18138.79692
2015,Sweden,43336.75548,4595.543852,4597.772189
2015,Switzerland,38733.19312,4974.088868,2910.242323
2015,Turkey,381331.944,51359.75578,35025.53357
2015,Ukraine,223911.8685,61235.88788,32996.22301
2015,United Kingdom,423199.6172,53123.89894,19012.3182
2015,United States of America,5412432.194,638482.827,443821.3016
2016,Australia,411031.5311,105873.9302,19566.3917
2016,Austria,67112.26546,6642.60829,3620.060977
2016,Belarus,60284.85059,15784.05949,13971.9375
2016,Belgium,99806.94441,8101.186884,5762.548647
2016,Bulgaria,45353.72342,7213.214692,5359.998836
2016,Canada,564032.53,92507.15905,37239.84535
2016,Croatia,18105.04378,4085.022604,1595.353355
2016,Cyprus,7368.227857,858.3736346,290.3995014
2016,Czechia,106629.0204,13478.71662,6503.630725
2016,Denmark,38301.02449,7252.960969,5559.228488
2016,Estonia,17377.65031,1125.235182,899.4288644
2016,European Union,3500042.739,453520.7174,235792.5587
2016,Finland,47227.54757,4728.338861,4777.339906
2016,France,347095.6246,57747.16519,40505.73688
2016,Germany,800510.2885,55506.91694,37834.29941
2016,Greece,71368.36126,9804.960088,4302.036951
2016,Hungary,47395.70981,7302.654626,4802.039702
2016,Iceland,3497.538897,647.8977433,311.480172
2016,Ireland,40029.83658,13678.8442,6465.798907
2016,Italy,356556.196,43399.27075,18099.52863
2016,Japan,1203167.018,30736.22157,20195.80032
2016,Latvia,7220.751429,1780.868203,1916.706882
2016,Liechtenstein,149.8805588,18.4904947,9.02464542
2016,Lithuania,13327.51332,3332.563738,3033.201476
2016,Luxembourg,9080.252827,586.3340659,308.3370026
2016,Malta,1399.487642,190.7677295,44.57673437
2016,Monaco,74.65580933,1.33319863,3.417171816
2016,Netherlands,166282.0897,18329.04607,8476.745019
2016,New Zealand,34267.62428,34262.00473,7469.27139
2016,Norway,44472.7299,4949.493695,2424.094602
2016,Poland,324011.3351,49271.05666,20976.16246
2016,Portugal,50455.57007,9142.251934,3165.754289
2016,Romania,75812.80179,29011.79966,7512.601828
2016,Russian Federation,1618304.258,366880.7299,84612.34356
2016,Slovakia,34921.79326,4578.92049,2130.395666
2016,Slovenia,14416.65654,2041.537958,760.7213446
2016,Spain,260759.5636,39150.19505,17898.06695
2016,Sweden,42972.56534,4510.992384,4576.736908
2016,Switzerland,39192.60948,4930.188947,2888.998775
2016,Turkey,401239.7383,53858.24965,37403.478
2016,Ukraine,234200.3018,65994.00863,36291.38584
2016,United Kingdom,399824.2993,51541.2383,18940.06318
2016,United States of America,5292267.561,624244.787,426067.4008
2017,Australia,415097.4277,108170.6963,21265.585
2017,Austria,69628.85961,6626.106918,3561.803028
2017,Belarus,60742.93461,15931.56076,14435.0987
2017,Belgium,99456.27527,7932.116317,5978.511667
2017,Bulgaria,47505.16353,7001.139846,5342.273688
2017,Canada,572834.3894,91893.04174,36556.52674
2017,Croatia,18737.68904,4069.11115,1730.569882
2017,Cyprus,7515.688165,875.26306,295.5805381
2017,Czechia,105641.7264,13280.20912,6420.312026
2017,Denmark,36213.25228,7280.574435,5620.142757
2017,Estonia,18635.8722,1129.416774,923.8589343
2017,European Union,3513036.182,452761.6314,240270.2433
2017,Finland,44673.06342,4605.279936,4819.597966
2017,France,352178.9836,57378.98082,42013.07058
2017,Germany,786654.5514,54738.29331,37540.9065
2017,Greece,74852.84589,10059.23071,4365.159286
2017,Hungary,49684.84716,7374.460022,4801.380661
2017,Iceland,3614.873294,637.0508804,322.3612701
2017,Ireland,38910.19272,13991.90979,6748.962064
2017,Italy,351473.9329,43657.97068,18007.02846
2017,Japan,1187661.454,30237.19222,20417.79771
2017,Latvia,7222.784491,1813.307727,1933.333286
2017,Liechtenstein,156.2800118,17.99156194,8.973415494
2017,Lithuania,13545.84749,3277.022847,3068.37349
2017,Luxembourg,9250.402127,593.664909,312.1441975
2017,Malta,1552.998398,190.8464373,42.18616833
2017,Monaco,73.05330141,1.355808701,2.885838364
2017,Netherlands,164444.7738,18012.19306,8657.643649
2017,New Zealand,36153.33197,34254.96088,7498.677543
2017,Norway,43562.54149,4867.318317,2380.632056
2017,Poland,337340.4218,49237.84312,21970.0026
2017,Portugal,54719.976,9168.195808,3249.9164
2017,Romania,78077.48973,28706.54116,7852.58316
2017,Russian Federation,1646179.81,383899.7452,86252.43224
2017,Slovakia,36087.33766,4616.359877,2016.830444
2017,Slovenia,14264.75336,1994.410179,735.1976623
2017,Spain,274671.2617,39586.17841,18529.64815
2017,Sweden,42306.81605,4470.490484,4757.282674
2017,Switzerland,38182.26503,4868.485224,3082.523914
2017,Turkey,425329.23,54231.17105,38841.75128
2017,Ukraine,223232.1511,63653.69609,34854.85932
2017,United Kingdom,388803.4101,51965.79066,19306.3731
2017,United States of America,5253606.13,630304.4675,421258.9345
2018,Australia,415953.9467,109532.2099,20114.44485
2018,Austria,66719.67777,6438.631808,3526.082674
2018,Belarus,61871.67587,16097.6235,14019.84426
2018,Belgium,100207.836,7848.735269,5702.28694
2018,Bulgaria,43551.59905,6753.665421,5239.787499
2018,Canada,586504.6345,91424.11113,37944.54241
2018,Croatia,17718.64557,3888.723172,1685.849982
2018,Cyprus,7332.761853,884.5450661,296.9986448
2018,Czechia,104411.2107,13154.94202,6072.341028
2018,Denmark,36246.20482,7368.496141,5420.926593
2018,Estonia,17710.9527,1117.408941,912.1873845
2018,European Union,3432017.496,446029.3346,235383.8108
2018,Finland,45849.3494,4540.853818,4768.969797
2018,France,338327.0964,56500.00421,40322.26059
2018,Germany,755362.3425,52641.89152,35518.2864
2018,Greece,71797.8691,10091.07368,4284.879616
2018,Hungary,49628.49098,7271.998101,4858.696508
2018,Iceland,3674.528506,630.020234,305.4746269
2018,Ireland,38803.39377,13984.98319,6953.701442
2018,Italy,348085.0293,43032.64632,17694.8528
2018,Japan,1135688,29854.89744,19999.97657
2018,Latvia,7859.287031,1733.573708,1873.75593
2018,Liechtenstein,143.7498395,18.17226901,9.132145866
2018,Lithuania,13669.49198,3064.333812,2955.346231
2018,Luxembourg,9568.519534,587.6581815,313.1346256
2018,Malta,1531.580726,199.8513291,42.76781665
2018,Monaco,74.7550712,1.334312514,3.096666473
2018,Netherlands,160170.1474,17308.77707,8349.11774
2018,New Zealand,35080.34098,34286.23424,7592.453246
2018,Norway,43817.65675,4804.545578,2349.11607
2018,Poland,337705.7418,48753.2212,22106.0059
2018,Portugal,51482.48117,9126.420343,3216.741423
2018,Romania,76951.21897,28183.62634,8618.208086
2018,Russian Federation,1691360.426,396033.6357,85932.15699
2018,Slovakia,36087.83723,4442.031519,2098.537536
2018,Slovenia,14487.84447,1936.15654,753.4826361
2018,Spain,269654.2535,39722.32662,18413.53642
2018,Sweden,41766.18272,4380.545991,4503.639046
2018,Switzerland,36895.48483,4839.985735,2879.645997
2018,Turkey,419194.7471,57576.12475,38923.81175
2018,Ukraine,231694.1647,67519.92714,38647.64436
2018,United Kingdom,380849.8829,51936.27855,19209.70651
2018,United States of America,5424881.502,634457.1271,434528.5554
